url,label
https://example.com/login,0
https://example.org/verify,0
https://example.net/account,0
https://test1.com/safe,0
https://test2.com/good,0
https://test3.com/clean,0
https://test4.com/home,0
https://test5.com/index,0
https://test6.com/about,0
https://test7.com/contact,0
http://evil-phish-login.com/update,1
http://secure-paypal-verify.net/account,1
http://update-apple-id.org/auth,1
http://malicious-site1.com/bad,1
http://malicious-site2.com/phish,1
http://malicious-site3.com/steal,1
http://malicious-site4.com/creds,1
http://malicious-site5.com/login,1
http://malicious-site6.com/auth,1
http://malicious-site7.com/verify,1
http://conflict.com/a,1
http://conflict.com/b,0
http://empty-label.com/,
http://invalid-label.com/,unknown
https://example.com/login,0
