id,filepath,expected_label,source_dataset,source_category,generator,original_id,transformation,sha256
ai_000,C:\Users\phoen\.gemini\antigravity\scratch\cyberguard\backend\benchmarks\image_authenticity\scripts\dataset\ai_generated\ai_000.jpg,AI_GENERATED,Hemg/AI-Generated-vs-Real-Images-Datasets,AiArtData,Unknown AI,,None,e543ed417c7935930b87c340f5509ade8914f6f7d456b65dce1ae7f6f3e9ba93
ai_001,C:\Users\phoen\.gemini\antigravity\scratch\cyberguard\backend\benchmarks\image_authenticity\scripts\dataset\ai_generated\ai_001.jpg,AI_GENERATED,Hemg/AI-Generated-vs-Real-Images-Datasets,AiArtData,Unknown AI,,None,82721e51e7a571b139369ee2780b113cf1d622b5272dcddddec2b7e9917814e5
ai_002,C:\Users\phoen\.gemini\antigravity\scratch\cyberguard\backend\benchmarks\image_authenticity\scripts\dataset\ai_generated\ai_002.jpg,AI_GENERATED,Hemg/AI-Generated-vs-Real-Images-Datasets,AiArtData,Unknown AI,,None,424333d83e8f7b297c20930433ccec22b470e05339ceaf55f81c2b1b73cd2b78
ai_003,C:\Users\phoen\.gemini\antigravity\scratch\cyberguard\backend\benchmarks\image_authenticity\scripts\dataset\ai_generated\ai_003.jpg,AI_GENERATED,Hemg/AI-Generated-vs-Real-Images-Datasets,AiArtData,Unknown AI,,None,87e7991cecd57ccab82dbd9a5875f16668a425ef79a0bd561064438e9dc4ebd0
ai_004,C:\Users\phoen\.gemini\antigravity\scratch\cyberguard\backend\benchmarks\image_authenticity\scripts\dataset\ai_generated\ai_004.jpg,AI_GENERATED,Hemg/AI-Generated-vs-Real-Images-Datasets,AiArtData,Unknown AI,,None,c6e7296591a6b34a0953170a16c633b6950503e4d66d27bdf508be33d6c5bcfb
ai_005,C:\Users\phoen\.gemini\antigravity\scratch\cyberguard\backend\benchmarks\image_authenticity\scripts\dataset\ai_generated\ai_005.jpg,AI_GENERATED,Hemg/AI-Generated-vs-Real-Images-Datasets,AiArtData,Unknown AI,,None,db4531f2668e8b47fe362039a589625b6cd0d02e3b439534139efb31f1a139b1
ai_006,C:\Users\phoen\.gemini\antigravity\scratch\cyberguard\backend\benchmarks\image_authenticity\scripts\dataset\ai_generated\ai_006.jpg,AI_GENERATED,Hemg/AI-Generated-vs-Real-Images-Datasets,AiArtData,Unknown AI,,None,dd9d095af14e9c5621a6c267071d53687cc74ae8c9a72b7899f14dd732c0cb4b
ai_007,C:\Users\phoen\.gemini\antigravity\scratch\cyberguard\backend\benchmarks\image_authenticity\scripts\dataset\ai_generated\ai_007.jpg,AI_GENERATED,Hemg/AI-Generated-vs-Real-Images-Datasets,AiArtData,Unknown AI,,None,784e0e8a5c926004b29b717ed4125d512479fc9d2bdbe05bb9747ac33256a17b
ai_008,C:\Users\phoen\.gemini\antigravity\scratch\cyberguard\backend\benchmarks\image_authenticity\scripts\dataset\ai_generated\ai_008.jpg,AI_GENERATED,Hemg/AI-Generated-vs-Real-Images-Datasets,AiArtData,Unknown AI,,None,40c2a554b88811ae619d78b0981bad78fefa519deb4b42fad1d2f90a8e126804
ai_009,C:\Users\phoen\.gemini\antigravity\scratch\cyberguard\backend\benchmarks\image_authenticity\scripts\dataset\ai_generated\ai_009.jpg,AI_GENERATED,Hemg/AI-Generated-vs-Real-Images-Datasets,AiArtData,Unknown AI,,None,90edd79ffd348abe03233cc0855990618fe76d4af9aba64dc7acde4fcbda502d
ai_010,C:\Users\phoen\.gemini\antigravity\scratch\cyberguard\backend\benchmarks\image_authenticity\scripts\dataset\ai_generated\ai_010.jpg,AI_GENERATED,Hemg/AI-Generated-vs-Real-Images-Datasets,AiArtData,Unknown AI,,None,2360d27aecf27810d3f966e41f81933fb9e727ab6a2fd527a77687d4ff40be9e
ai_011,C:\Users\phoen\.gemini\antigravity\scratch\cyberguard\backend\benchmarks\image_authenticity\scripts\dataset\ai_generated\ai_011.jpg,AI_GENERATED,Hemg/AI-Generated-vs-Real-Images-Datasets,AiArtData,Unknown AI,,None,e0d574816951576ec715e1260f89591d4f431fd993af779fd0e9232628fb8b9d
ai_012,C:\Users\phoen\.gemini\antigravity\scratch\cyberguard\backend\benchmarks\image_authenticity\scripts\dataset\ai_generated\ai_012.jpg,AI_GENERATED,Hemg/AI-Generated-vs-Real-Images-Datasets,AiArtData,Unknown AI,,None,20f29fd14314b59f2ae7e78c08c04cfa3e8df1771714204e3dd6eb7194594394
ai_013,C:\Users\phoen\.gemini\antigravity\scratch\cyberguard\backend\benchmarks\image_authenticity\scripts\dataset\ai_generated\ai_013.jpg,AI_GENERATED,Hemg/AI-Generated-vs-Real-Images-Datasets,AiArtData,Unknown AI,,None,9cd6208abcd3fe3f182ea8babd9a8812ef2d92dc5e4b8b108cc4074fb17b0fed
ai_014,C:\Users\phoen\.gemini\antigravity\scratch\cyberguard\backend\benchmarks\image_authenticity\scripts\dataset\ai_generated\ai_014.jpg,AI_GENERATED,Hemg/AI-Generated-vs-Real-Images-Datasets,AiArtData,Unknown AI,,None,be971c53390cfad91a33153c60e76926e10e1554d4fc463ed3eef7bb51b03d54
ai_015,C:\Users\phoen\.gemini\antigravity\scratch\cyberguard\backend\benchmarks\image_authenticity\scripts\dataset\ai_generated\ai_015.jpg,AI_GENERATED,Hemg/AI-Generated-vs-Real-Images-Datasets,AiArtData,Unknown AI,,None,5b8c0a11473ef3de67f398751f6997715402b403ea627c2197ef599f34a33a15
ai_016,C:\Users\phoen\.gemini\antigravity\scratch\cyberguard\backend\benchmarks\image_authenticity\scripts\dataset\ai_generated\ai_016.jpg,AI_GENERATED,Hemg/AI-Generated-vs-Real-Images-Datasets,AiArtData,Unknown AI,,None,0ce70eb51e6e30961586533b92a5cd07d9ba19fc2e64d56e496c52b1dcd28071
ai_017,C:\Users\phoen\.gemini\antigravity\scratch\cyberguard\backend\benchmarks\image_authenticity\scripts\dataset\ai_generated\ai_017.jpg,AI_GENERATED,Hemg/AI-Generated-vs-Real-Images-Datasets,AiArtData,Unknown AI,,None,a0870292b788dd3ca5d1ba40cb837b11b0562203abd2440b201ca793461249f3
ai_018,C:\Users\phoen\.gemini\antigravity\scratch\cyberguard\backend\benchmarks\image_authenticity\scripts\dataset\ai_generated\ai_018.jpg,AI_GENERATED,Hemg/AI-Generated-vs-Real-Images-Datasets,AiArtData,Unknown AI,,None,edddc529a5a7fd0b6bf49a7d531018b5fd74f2e5959a57d887493c06cada179e
ai_019,C:\Users\phoen\.gemini\antigravity\scratch\cyberguard\backend\benchmarks\image_authenticity\scripts\dataset\ai_generated\ai_019.jpg,AI_GENERATED,Hemg/AI-Generated-vs-Real-Images-Datasets,AiArtData,Unknown AI,,None,f5906ee4a2753733327823a05b139245e83a2ab2476cdf43f16cb562bdb5fdb4
real_000,C:\Users\phoen\.gemini\antigravity\scratch\cyberguard\backend\benchmarks\image_authenticity\scripts\dataset\real\real_000.jpg,REAL,Hemg/AI-Generated-vs-Real-Images-Datasets,RealArt,Unknown (Camera/Artist),,None,03709b6f7eec898a103e6414feaa9a18c72e9831260e5bfcce7a0cecd817bd04
real_001,C:\Users\phoen\.gemini\antigravity\scratch\cyberguard\backend\benchmarks\image_authenticity\scripts\dataset\real\real_001.jpg,REAL,Hemg/AI-Generated-vs-Real-Images-Datasets,RealArt,Unknown (Camera/Artist),,None,53d339d91e19b1f65b968a2eb816b2ab44f23e043ca71307c42e5845ba5af521
real_002,C:\Users\phoen\.gemini\antigravity\scratch\cyberguard\backend\benchmarks\image_authenticity\scripts\dataset\real\real_002.jpg,REAL,Hemg/AI-Generated-vs-Real-Images-Datasets,RealArt,Unknown (Camera/Artist),,None,1c00b4f42641d3f2446bb119aa985101c640b49a74e47995cd8ada35b3373232
real_003,C:\Users\phoen\.gemini\antigravity\scratch\cyberguard\backend\benchmarks\image_authenticity\scripts\dataset\real\real_003.jpg,REAL,Hemg/AI-Generated-vs-Real-Images-Datasets,RealArt,Unknown (Camera/Artist),,None,be592d72d7fa17aa621a783d23535fc795d72b446a364d9af6d5f32e903743c6
real_004,C:\Users\phoen\.gemini\antigravity\scratch\cyberguard\backend\benchmarks\image_authenticity\scripts\dataset\real\real_004.jpg,REAL,Hemg/AI-Generated-vs-Real-Images-Datasets,RealArt,Unknown (Camera/Artist),,None,d516a1455632512c5df87abba8ffc79a2558d361e308275925aebc0629cf9d23
real_005,C:\Users\phoen\.gemini\antigravity\scratch\cyberguard\backend\benchmarks\image_authenticity\scripts\dataset\real\real_005.jpg,REAL,Hemg/AI-Generated-vs-Real-Images-Datasets,RealArt,Unknown (Camera/Artist),,None,81052a0459045a178f8617c8bb9b667c63550eb534a9633be5e7ae149d7ec5b0
real_006,C:\Users\phoen\.gemini\antigravity\scratch\cyberguard\backend\benchmarks\image_authenticity\scripts\dataset\real\real_006.jpg,REAL,Hemg/AI-Generated-vs-Real-Images-Datasets,RealArt,Unknown (Camera/Artist),,None,719ab63edb6b350043682ae90d1e5bf9fbacfb13aabbb42493f0f87dd07128d3
real_007,C:\Users\phoen\.gemini\antigravity\scratch\cyberguard\backend\benchmarks\image_authenticity\scripts\dataset\real\real_007.jpg,REAL,Hemg/AI-Generated-vs-Real-Images-Datasets,RealArt,Unknown (Camera/Artist),,None,1feb19ca54e2366c3ed04a3d1c78098c38007c67cd0014286f0845a9ea9d16e8
real_008,C:\Users\phoen\.gemini\antigravity\scratch\cyberguard\backend\benchmarks\image_authenticity\scripts\dataset\real\real_008.jpg,REAL,Hemg/AI-Generated-vs-Real-Images-Datasets,RealArt,Unknown (Camera/Artist),,None,56d2e362b7a3ee058fb82d3a2d94ce04b4236d249043b574ce0c09ffcc0a6776
real_009,C:\Users\phoen\.gemini\antigravity\scratch\cyberguard\backend\benchmarks\image_authenticity\scripts\dataset\real\real_009.jpg,REAL,Hemg/AI-Generated-vs-Real-Images-Datasets,RealArt,Unknown (Camera/Artist),,None,0b0b50e7953f235a83311dcc45f8b849bd94e7d2aa0b4e5753cd1945e3d55e0f
real_010,C:\Users\phoen\.gemini\antigravity\scratch\cyberguard\backend\benchmarks\image_authenticity\scripts\dataset\real\real_010.jpg,REAL,Hemg/AI-Generated-vs-Real-Images-Datasets,RealArt,Unknown (Camera/Artist),,None,470099436ce0556bf63622b43551e676cf22b1ef42d77fb1f8843bfb9ed3cd5f
real_011,C:\Users\phoen\.gemini\antigravity\scratch\cyberguard\backend\benchmarks\image_authenticity\scripts\dataset\real\real_011.jpg,REAL,Hemg/AI-Generated-vs-Real-Images-Datasets,RealArt,Unknown (Camera/Artist),,None,7384b0cd617564582eafb1b9337e7acd86861cd600d2099472cf81b6a3462a38
real_012,C:\Users\phoen\.gemini\antigravity\scratch\cyberguard\backend\benchmarks\image_authenticity\scripts\dataset\real\real_012.jpg,REAL,Hemg/AI-Generated-vs-Real-Images-Datasets,RealArt,Unknown (Camera/Artist),,None,d5f5f5d9aaadddb254b49a8bb139b97bf30c12107359e4bf65ac2f8e79a89a2f
real_013,C:\Users\phoen\.gemini\antigravity\scratch\cyberguard\backend\benchmarks\image_authenticity\scripts\dataset\real\real_013.jpg,REAL,Hemg/AI-Generated-vs-Real-Images-Datasets,RealArt,Unknown (Camera/Artist),,None,3ad5ce7e78c44f7e9c941f0a39ce398e4c3681506b70c437170eaf32cfe38b42
real_014,C:\Users\phoen\.gemini\antigravity\scratch\cyberguard\backend\benchmarks\image_authenticity\scripts\dataset\real\real_014.jpg,REAL,Hemg/AI-Generated-vs-Real-Images-Datasets,RealArt,Unknown (Camera/Artist),,None,ae8f5bd61dd4d6005c7909d7466c3ea6f363df9d37feb1eaf9bea63fdffdefbf
real_015,C:\Users\phoen\.gemini\antigravity\scratch\cyberguard\backend\benchmarks\image_authenticity\scripts\dataset\real\real_015.jpg,REAL,Hemg/AI-Generated-vs-Real-Images-Datasets,RealArt,Unknown (Camera/Artist),,None,194100899aa3a4f0c25bad104b450cc753594a4d8086a705c51e9bb196fc3a8c
real_016,C:\Users\phoen\.gemini\antigravity\scratch\cyberguard\backend\benchmarks\image_authenticity\scripts\dataset\real\real_016.jpg,REAL,Hemg/AI-Generated-vs-Real-Images-Datasets,RealArt,Unknown (Camera/Artist),,None,6c1b35039ca9314a545d432e8edf30155a7bc623f340585fe8508c909fcdb424
real_017,C:\Users\phoen\.gemini\antigravity\scratch\cyberguard\backend\benchmarks\image_authenticity\scripts\dataset\real\real_017.jpg,REAL,Hemg/AI-Generated-vs-Real-Images-Datasets,RealArt,Unknown (Camera/Artist),,None,e1ad3fd5c37918876b5b83216af3d197d6dc929e8706a5e437fe3fbf429dd6d0
real_018,C:\Users\phoen\.gemini\antigravity\scratch\cyberguard\backend\benchmarks\image_authenticity\scripts\dataset\real\real_018.jpg,REAL,Hemg/AI-Generated-vs-Real-Images-Datasets,RealArt,Unknown (Camera/Artist),,None,baced9a12f0b03b2aeee74bacd346cbb2c79930a9613d464a2fbc17ecf90f883
real_019,C:\Users\phoen\.gemini\antigravity\scratch\cyberguard\backend\benchmarks\image_authenticity\scripts\dataset\real\real_019.jpg,REAL,Hemg/AI-Generated-vs-Real-Images-Datasets,RealArt,Unknown (Camera/Artist),,None,5493a0d4f3f28cd1cba3862589fc821c004fc1a30e385ffd0d4d9447b0dbf0a1
man_000,C:\Users\phoen\.gemini\antigravity\scratch\cyberguard\backend\benchmarks\image_authenticity\scripts\dataset\manipulated\man_000.jpg,MANIPULATED,Hemg/AI-Generated-vs-Real-Images-Datasets,RealArt,Python Script,real_020,Heavy Saturation,db8039ea2b18e66e8c9ccdc304074146fc641c8e21eec63c2185942afbe3e59c
man_001,C:\Users\phoen\.gemini\antigravity\scratch\cyberguard\backend\benchmarks\image_authenticity\scripts\dataset\manipulated\man_001.jpg,MANIPULATED,Hemg/AI-Generated-vs-Real-Images-Datasets,RealArt,Python Script,real_021,Heavy Saturation,8fd0a5bd815af800d53cce8301700cf98027f23fcd65327bf7564d4a218df357
man_002,C:\Users\phoen\.gemini\antigravity\scratch\cyberguard\backend\benchmarks\image_authenticity\scripts\dataset\manipulated\man_002.jpg,MANIPULATED,Hemg/AI-Generated-vs-Real-Images-Datasets,RealArt,Python Script,real_022,Heavy Saturation,ffcdd09166bfd593a723a98d3b85508e442c312201ef86a2b56d035a8b45f63e
man_003,C:\Users\phoen\.gemini\antigravity\scratch\cyberguard\backend\benchmarks\image_authenticity\scripts\dataset\manipulated\man_003.jpg,MANIPULATED,Hemg/AI-Generated-vs-Real-Images-Datasets,RealArt,Python Script,real_023,Heavy Saturation,9a67ebc3a5d3ac2d91c8fce9fa2aa592396298ace208928805a9aef416c8f64a
man_004,C:\Users\phoen\.gemini\antigravity\scratch\cyberguard\backend\benchmarks\image_authenticity\scripts\dataset\manipulated\man_004.jpg,MANIPULATED,Hemg/AI-Generated-vs-Real-Images-Datasets,RealArt,Python Script,real_024,Heavy Saturation,f8dcfbe26d314106ee61348afe2cf67611e447f0ee556f1c69880b35f94e81fc
man_005,C:\Users\phoen\.gemini\antigravity\scratch\cyberguard\backend\benchmarks\image_authenticity\scripts\dataset\manipulated\man_005.jpg,MANIPULATED,Hemg/AI-Generated-vs-Real-Images-Datasets,RealArt,Python Script,real_025,Heavy Saturation,1fa2834484da7235dbe85b56263113976c2acd92cd6db3a39635644e5cf4272a
man_006,C:\Users\phoen\.gemini\antigravity\scratch\cyberguard\backend\benchmarks\image_authenticity\scripts\dataset\manipulated\man_006.jpg,MANIPULATED,Hemg/AI-Generated-vs-Real-Images-Datasets,RealArt,Python Script,real_026,Heavy Saturation,28dc2abcbfca025ef7a6085845e06ed1bb4de60c2a5c021c7bcb78c54f104274
man_007,C:\Users\phoen\.gemini\antigravity\scratch\cyberguard\backend\benchmarks\image_authenticity\scripts\dataset\manipulated\man_007.jpg,MANIPULATED,Hemg/AI-Generated-vs-Real-Images-Datasets,RealArt,Python Script,real_027,Heavy Saturation,3c3de25848e6d8386ad4c6860ba9e82da0d5d1e8e0a53de9f07601b97902c763
man_008,C:\Users\phoen\.gemini\antigravity\scratch\cyberguard\backend\benchmarks\image_authenticity\scripts\dataset\manipulated\man_008.jpg,MANIPULATED,Hemg/AI-Generated-vs-Real-Images-Datasets,RealArt,Python Script,real_028,Heavy Saturation,3ef833b81752b2d9aab5765a7d0ae699a0f65e83044f6bc61e3fdd36b37d0f43
man_009,C:\Users\phoen\.gemini\antigravity\scratch\cyberguard\backend\benchmarks\image_authenticity\scripts\dataset\manipulated\man_009.jpg,MANIPULATED,Hemg/AI-Generated-vs-Real-Images-Datasets,RealArt,Python Script,real_029,Heavy Saturation,3d363f81d443dc5a2b14ee57c39fde3c9c308cbe92607c938bd2978f12e763ce
rob_000,C:\Users\phoen\.gemini\antigravity\scratch\cyberguard\backend\benchmarks\image_authenticity\scripts\dataset\robustness\rob_000.jpg,REAL,Hemg/AI-Generated-vs-Real-Images-Datasets,RealArt,Python Script,real_030,JPEG Quality 40,54c982ae14797eb57fff1b11685eec11f6bb3c3ec8721228554eba61c2fd83b2
rob_001,C:\Users\phoen\.gemini\antigravity\scratch\cyberguard\backend\benchmarks\image_authenticity\scripts\dataset\robustness\rob_001.jpg,REAL,Hemg/AI-Generated-vs-Real-Images-Datasets,RealArt,Python Script,real_031,Resize 50%,626042e1de8457276cf5edff8b204d10ce73a79a60dd594e4afe2eb23f7cccc5
rob_002,C:\Users\phoen\.gemini\antigravity\scratch\cyberguard\backend\benchmarks\image_authenticity\scripts\dataset\robustness\rob_002.jpg,REAL,Hemg/AI-Generated-vs-Real-Images-Datasets,RealArt,Python Script,real_032,JPEG Quality 40,c0c174f1a8a794e6ea996ebd7b9eeed3b8c658310e223a98988ef9fd10fcff5f
rob_003,C:\Users\phoen\.gemini\antigravity\scratch\cyberguard\backend\benchmarks\image_authenticity\scripts\dataset\robustness\rob_003.jpg,REAL,Hemg/AI-Generated-vs-Real-Images-Datasets,RealArt,Python Script,real_033,Resize 50%,e4074567ef2a438fd3e23bc66c431c8b4805c97f2da59e612876b4432ee25078
rob_004,C:\Users\phoen\.gemini\antigravity\scratch\cyberguard\backend\benchmarks\image_authenticity\scripts\dataset\robustness\rob_004.jpg,REAL,Hemg/AI-Generated-vs-Real-Images-Datasets,RealArt,Python Script,real_034,JPEG Quality 40,c2e753c80395d10ac3a196485c0382ffa117450b4fb90e674340361ad635cd88
rob_005,C:\Users\phoen\.gemini\antigravity\scratch\cyberguard\backend\benchmarks\image_authenticity\scripts\dataset\robustness\rob_005.jpg,REAL,Hemg/AI-Generated-vs-Real-Images-Datasets,RealArt,Python Script,real_035,Resize 50%,e30e2c0ed932b13b14960c99531d3e63ef8ce39e788150f48c2179ae1e6b3372
rob_006,C:\Users\phoen\.gemini\antigravity\scratch\cyberguard\backend\benchmarks\image_authenticity\scripts\dataset\robustness\rob_006.jpg,REAL,Hemg/AI-Generated-vs-Real-Images-Datasets,RealArt,Python Script,real_036,JPEG Quality 40,a632fefedc8739a7021ab8476db968824cfda9cf732dfd1d4c12674483f35186
rob_007,C:\Users\phoen\.gemini\antigravity\scratch\cyberguard\backend\benchmarks\image_authenticity\scripts\dataset\robustness\rob_007.jpg,REAL,Hemg/AI-Generated-vs-Real-Images-Datasets,RealArt,Python Script,real_037,Resize 50%,cbc00e939cd32f92ed2f26b549260453cbe43be01382139dcb90a481b3299d8c
rob_008,C:\Users\phoen\.gemini\antigravity\scratch\cyberguard\backend\benchmarks\image_authenticity\scripts\dataset\robustness\rob_008.jpg,REAL,Hemg/AI-Generated-vs-Real-Images-Datasets,RealArt,Python Script,real_038,JPEG Quality 40,980a8cce70a5e49583c7d0d0ebb05a85a13e2961428098906380767930414e79
rob_009,C:\Users\phoen\.gemini\antigravity\scratch\cyberguard\backend\benchmarks\image_authenticity\scripts\dataset\robustness\rob_009.jpg,REAL,Hemg/AI-Generated-vs-Real-Images-Datasets,RealArt,Python Script,real_039,Resize 50%,f3cba0dad73b1a6a50bf80061a0ca0c1db5a170d91fd69ce52a9445891d5636a
