id,filename,expected_label,transformation,predicted_classification,ai_probability,real_probability,confidence,risk_score,risk_level,processing_time_ms,detector_model,forensics_frequency_anomaly,forensics_noise_anomaly,error
ai_000,ai_000.jpg,AI_GENERATED,None,REAL,0.0958,0.9042,0.9042,10,SAFE,59383.40187072754,umm-maybe/AI-image-detector,STRONG,NONE,
ai_001,ai_001.jpg,AI_GENERATED,None,AI_GENERATED,0.904,0.096,0.904,78,HIGH,1801.3808727264404,umm-maybe/AI-image-detector,STRONG,MODERATE,
ai_002,ai_002.jpg,AI_GENERATED,None,UNCERTAIN,0.7596,0.2404,0.7596,40,LOW,922.2149848937988,umm-maybe/AI-image-detector,STRONG,NONE,
ai_003,ai_003.jpg,AI_GENERATED,None,AI_GENERATED,0.9998,0.0002,0.9998,79,HIGH,702.3918628692627,umm-maybe/AI-image-detector,STRONG,NONE,
ai_004,ai_004.jpg,AI_GENERATED,None,AI_GENERATED,0.9102,0.0898,0.9102,78,HIGH,585.2108001708984,umm-maybe/AI-image-detector,STRONG,NONE,
ai_005,ai_005.jpg,AI_GENERATED,None,UNCERTAIN,0.3523,0.6477,0.6477,40,LOW,574.4187831878662,umm-maybe/AI-image-detector,STRONG,NONE,
ai_006,ai_006.jpg,AI_GENERATED,None,UNCERTAIN,0.438,0.562,0.562,40,LOW,575.8407115936279,umm-maybe/AI-image-detector,STRONG,NONE,
ai_007,ai_007.jpg,AI_GENERATED,None,AI_GENERATED,0.891,0.109,0.891,77,HIGH,580.0111293792725,umm-maybe/AI-image-detector,STRONG,NONE,
ai_008,ai_008.jpg,AI_GENERATED,None,UNCERTAIN,0.2434,0.7566,0.7566,40,LOW,556.6041469573975,umm-maybe/AI-image-detector,STRONG,NONE,
ai_009,ai_009.jpg,AI_GENERATED,None,UNCERTAIN,0.675,0.325,0.675,40,LOW,606.6522598266602,umm-maybe/AI-image-detector,STRONG,NONE,
ai_010,ai_010.jpg,AI_GENERATED,None,AI_GENERATED,0.8114,0.1886,0.8114,76,HIGH,578.2413482666016,umm-maybe/AI-image-detector,STRONG,NONE,
ai_011,ai_011.jpg,AI_GENERATED,None,UNCERTAIN,0.7108,0.2892,0.7108,40,LOW,541.6643619537354,umm-maybe/AI-image-detector,STRONG,NONE,
ai_012,ai_012.jpg,AI_GENERATED,None,UNCERTAIN,0.3055,0.6945,0.6945,40,LOW,565.8290386199951,umm-maybe/AI-image-detector,STRONG,NONE,
ai_013,ai_013.jpg,AI_GENERATED,None,UNCERTAIN,0.6333,0.3667,0.6333,40,LOW,572.1900463104248,umm-maybe/AI-image-detector,STRONG,NONE,
ai_014,ai_014.jpg,AI_GENERATED,None,AI_GENERATED,0.9995,0.0005,0.9995,79,HIGH,712.7861976623535,umm-maybe/AI-image-detector,STRONG,NONE,
ai_015,ai_015.jpg,AI_GENERATED,None,AI_GENERATED,0.8318,0.1682,0.8318,76,HIGH,972.0170497894287,umm-maybe/AI-image-detector,STRONG,NONE,
ai_016,ai_016.jpg,AI_GENERATED,None,UNCERTAIN,0.5978,0.4022,0.5978,40,LOW,685.0855350494385,umm-maybe/AI-image-detector,STRONG,NONE,
ai_017,ai_017.jpg,AI_GENERATED,None,UNCERTAIN,0.4652,0.5348,0.5348,40,LOW,814.0404224395752,umm-maybe/AI-image-detector,STRONG,MODERATE,
ai_018,ai_018.jpg,AI_GENERATED,None,AI_GENERATED,0.8947,0.1053,0.8947,77,HIGH,754.2769908905029,umm-maybe/AI-image-detector,STRONG,NONE,
ai_019,ai_019.jpg,AI_GENERATED,None,AI_GENERATED,0.7213,0.2787,0.7213,74,HIGH,1085.2642059326172,umm-maybe/AI-image-detector,STRONG,MODERATE,
real_000,real_000.jpg,REAL,None,REAL,0.0024,0.9976,0.9976,10,SAFE,1197.725534439087,umm-maybe/AI-image-detector,STRONG,NONE,
real_001,real_001.jpg,REAL,None,UNCERTAIN,0.5,0.5,0.5,40,LOW,1165.205717086792,umm-maybe/AI-image-detector,STRONG,MODERATE,
real_002,real_002.jpg,REAL,None,UNCERTAIN,0.421,0.579,0.579,40,LOW,550.0624179840088,umm-maybe/AI-image-detector,STRONG,NONE,
real_003,real_003.jpg,REAL,None,AI_GENERATED,0.8111,0.1889,0.8111,76,HIGH,620.9430694580078,umm-maybe/AI-image-detector,STRONG,NONE,
real_004,real_004.jpg,REAL,None,UNCERTAIN,0.4677,0.5323,0.5323,40,LOW,596.7161655426025,umm-maybe/AI-image-detector,STRONG,NONE,
real_005,real_005.jpg,REAL,None,UNCERTAIN,0.2785,0.7215,0.7215,40,LOW,559.3607425689697,umm-maybe/AI-image-detector,STRONG,NONE,
real_006,real_006.jpg,REAL,None,UNCERTAIN,0.2189,0.7811,0.7811,40,LOW,585.8480930328369,umm-maybe/AI-image-detector,STRONG,NONE,
real_007,real_007.jpg,REAL,None,UNCERTAIN,0.4832,0.5168,0.5168,40,LOW,607.6703071594238,umm-maybe/AI-image-detector,STRONG,NONE,
real_008,real_008.jpg,REAL,None,UNCERTAIN,0.3062,0.6938,0.6938,40,LOW,554.865837097168,umm-maybe/AI-image-detector,STRONG,NONE,
real_009,real_009.jpg,REAL,None,UNCERTAIN,0.4118,0.5882,0.5882,40,LOW,568.7956809997559,umm-maybe/AI-image-detector,STRONG,NONE,
real_010,real_010.jpg,REAL,None,UNCERTAIN,0.7483,0.2517,0.7483,40,LOW,592.0307636260986,umm-maybe/AI-image-detector,STRONG,NONE,
real_011,real_011.jpg,REAL,None,UNCERTAIN,0.2954,0.7046,0.7046,40,LOW,576.5650272369385,umm-maybe/AI-image-detector,STRONG,NONE,
real_012,real_012.jpg,REAL,None,UNCERTAIN,0.2518,0.7482,0.7482,40,LOW,562.2859001159668,umm-maybe/AI-image-detector,STRONG,NONE,
real_013,real_013.jpg,REAL,None,UNCERTAIN,0.6702,0.3298,0.6702,40,LOW,605.8192253112793,umm-maybe/AI-image-detector,STRONG,NONE,
real_014,real_014.jpg,REAL,None,UNCERTAIN,0.5618,0.4382,0.5618,40,LOW,573.9223957061768,umm-maybe/AI-image-detector,STRONG,NONE,
real_015,real_015.jpg,REAL,None,UNCERTAIN,0.2586,0.7414,0.7414,40,LOW,588.2995128631592,umm-maybe/AI-image-detector,STRONG,NONE,
real_016,real_016.jpg,REAL,None,UNCERTAIN,0.632,0.368,0.632,40,LOW,569.7910785675049,umm-maybe/AI-image-detector,STRONG,NONE,
real_017,real_017.jpg,REAL,None,UNCERTAIN,0.2532,0.7468,0.7468,40,LOW,609.1835498809814,umm-maybe/AI-image-detector,STRONG,NONE,
real_018,real_018.jpg,REAL,None,UNCERTAIN,0.6508,0.3492,0.6508,40,LOW,554.8803806304932,umm-maybe/AI-image-detector,STRONG,NONE,
real_019,real_019.jpg,REAL,None,UNCERTAIN,0.4263,0.5737,0.5737,40,LOW,574.8975276947021,umm-maybe/AI-image-detector,STRONG,NONE,
man_000,man_000.jpg,MANIPULATED,Heavy Saturation,UNCERTAIN,0.4227,0.5773,0.5773,40,LOW,580.2254676818848,umm-maybe/AI-image-detector,STRONG,NONE,
man_001,man_001.jpg,MANIPULATED,Heavy Saturation,UNCERTAIN,0.2926,0.7074,0.7074,40,LOW,581.7615985870361,umm-maybe/AI-image-detector,STRONG,NONE,
man_002,man_002.jpg,MANIPULATED,Heavy Saturation,UNCERTAIN,0.4529,0.5471,0.5471,40,LOW,584.1832160949707,umm-maybe/AI-image-detector,STRONG,NONE,
man_003,man_003.jpg,MANIPULATED,Heavy Saturation,REAL,0.1868,0.8132,0.8132,10,SAFE,590.1234149932861,umm-maybe/AI-image-detector,STRONG,NONE,
man_004,man_004.jpg,MANIPULATED,Heavy Saturation,UNCERTAIN,0.3484,0.6516,0.6516,40,LOW,562.0014667510986,umm-maybe/AI-image-detector,STRONG,NONE,
man_005,man_005.jpg,MANIPULATED,Heavy Saturation,REAL,0.0577,0.9423,0.9423,10,SAFE,548.4020709991455,umm-maybe/AI-image-detector,STRONG,NONE,
man_006,man_006.jpg,MANIPULATED,Heavy Saturation,UNCERTAIN,0.7361,0.2639,0.7361,40,LOW,602.1311283111572,umm-maybe/AI-image-detector,STRONG,NONE,
man_007,man_007.jpg,MANIPULATED,Heavy Saturation,UNCERTAIN,0.6853,0.3147,0.6853,40,LOW,561.6848468780518,umm-maybe/AI-image-detector,STRONG,NONE,
man_008,man_008.jpg,MANIPULATED,Heavy Saturation,UNCERTAIN,0.2646,0.7354,0.7354,40,LOW,545.5179214477539,umm-maybe/AI-image-detector,STRONG,NONE,
man_009,man_009.jpg,MANIPULATED,Heavy Saturation,UNCERTAIN,0.3747,0.6253,0.6253,40,LOW,630.6824684143066,umm-maybe/AI-image-detector,STRONG,NONE,
rob_000,rob_000.jpg,REAL,JPEG Quality 40,UNCERTAIN,0.2715,0.7285,0.7285,40,LOW,599.4422435760498,umm-maybe/AI-image-detector,STRONG,NONE,
rob_001,rob_001.jpg,REAL,Resize 50%,REAL,0.0626,0.9374,0.9374,10,SAFE,626.1656284332275,umm-maybe/AI-image-detector,STRONG,NONE,
rob_002,rob_002.jpg,REAL,JPEG Quality 40,UNCERTAIN,0.334,0.666,0.666,40,LOW,566.8380260467529,umm-maybe/AI-image-detector,STRONG,NONE,
rob_003,rob_003.jpg,REAL,Resize 50%,UNCERTAIN,0.5137,0.4863,0.5137,40,LOW,590.4815196990967,umm-maybe/AI-image-detector,STRONG,NONE,
rob_004,rob_004.jpg,REAL,JPEG Quality 40,REAL,0.0703,0.9297,0.9297,10,SAFE,567.7168369293213,umm-maybe/AI-image-detector,STRONG,NONE,
rob_005,rob_005.jpg,REAL,Resize 50%,UNCERTAIN,0.5617,0.4383,0.5617,40,LOW,596.2908267974854,umm-maybe/AI-image-detector,STRONG,NONE,
rob_006,rob_006.jpg,REAL,JPEG Quality 40,UNCERTAIN,0.5585,0.4415,0.5585,40,LOW,559.6740245819092,umm-maybe/AI-image-detector,STRONG,NONE,
rob_007,rob_007.jpg,REAL,Resize 50%,UNCERTAIN,0.284,0.716,0.716,40,LOW,547.5537776947021,umm-maybe/AI-image-detector,STRONG,NONE,
rob_008,rob_008.jpg,REAL,JPEG Quality 40,REAL,0.1693,0.8307,0.8307,10,SAFE,550.7004261016846,umm-maybe/AI-image-detector,STRONG,NONE,
rob_009,rob_009.jpg,REAL,Resize 50%,UNCERTAIN,0.2609,0.7391,0.7391,40,LOW,572.69287109375,umm-maybe/AI-image-detector,STRONG,NONE,
